"title","length"
"African Egg",130
"Agent Truman",169
"Alamo Videotape",126
"Alaska Phantom",136
"Ali Forever",150
"Alley Evolution",180
"American Circus",129
"Analyze Hoosiers",181
"Anonymous Human",179
"Antitrust Tomatoes",168
"Apollo Teen",153
"Arachnophobia Rollercoaster",147
"Argonauts Town",127
"Arizona Bang",121
"Army Flintstones",148
"Arsenic Independence",137
"Artist Coldblooded",170
"Dying Maker",168
"Atlantis Cause",170
"Baby Hall",153
"Badman Dawn",162
"Baked Cleopatra",182
"Casualties Encino",179
"Ballroom Mockingbird",173
"Barefoot Manchurian",129
"Beach Heartbreakers",122
"Bear Graceland",160
"Beauty Grease",175
"Beethoven Exorcist",151
"Betrayed Rear",122
"Bikini Borrowers",142
"Bingo Talented",150
"Birch Antitrust",162
"Bird Independence",163
"Blanket Beverly",148
"Boogie Amelie",121
"Born Spinal",179
"Brannigan Sunrise",121
"Braveheart Human",176
"Breakfast Goldfinger",123
"Breaking Home",169
"Bringing Hysterical",136
"Brooklyn Desert",161
"Bucket Brotherhood",133
"Bull Shawshank",125
"Campus Remember",167
"Candles Grapes",135
"Caper Motions",176
"Carol Texas",151
"Casper Dragonfly",163
"Catch Amistad",183
"Cause Date",179
"Center Dinosaur",152
"Chaplin License",146
"Chicago North",185
"Chicken Hellfighters",122
"Chill Luck",142
"Chisum Behavior",124
"Chocolate Duck",132
"Christmas Moonshine",150
"Cincinatti Whisperer",143
"Citizen Shrek",165
"Cleopatra Devil",150
"Clerks Angels",164
"Clockwork Paradise",143
"Clones Pinocchio",124
"Clyde Theory",139
"Color Philadelphia",149
"Confidential Interview",180
"Confused Candles",122
"Connecticut Tramp",172
"Conquerer Nuts",173
"Conspiracy Spirit",184
"Contact Anonymous",166
"Control Anthem",185
"Cowboy Doom",146
"Crazy Home",136
"Creatures Shakespeare",139
"Creepers Kane",172
"Crooked Frogmen",143
"Crossroads Casualties",153
"Crystal Breaking",184
"Curtain Videotape",133
"Cyclone Family",176
"Daddy Pittsburgh",161
"Dancing Fever",144
"Dangerous Uptown",121
"Darko Dorado",130
"Darling Breaking",165
"Darn Forrester",185
"Deceiver Betrayed",122
"Detective Vision",143
"Dirty Ace",147
"Disciple Mother",141
"Dogma Family",122
"Donnie Alley",125
"Dorado Notting",139
"Double Wrath",177
"Doubtfire Labyrinth",154
"Dozen Lion",177
"Dracula Crystal",176
"Dragon Squad",170
"Dragonfly Strangers",133
"Dream Pickup",135
"Driver Annie",159
"Driving Polish",175
"Drop Waterfront",178
"Dude Blindness",132
"Duffel Apocalypse",171
"Durham Panky",154
"Dynamite Tarzan",141
"Eagles Panky",140
"Easy Gladiator",148
"Edge Kissing",153
"Elephant Trojan",126
"Elf Murder",155
"Elizabeth Shane",152
"Empire Malkovich",177
"Encino Elf",143
"Enough Raging",158
"Entrapment Satisfaction",176
"Escape Metropolis",167
"Everyone Craft",163
"Evolution Alter",174
"Exorcist Sting",167
"Expecations Natural",138
"Express Lonely",178
"Extraordinary Conquerer",122
"Eyes Driving",172
"Factory Dragon",144
"Family Sweet",155
"Fantasia Park",131
"Fargo Gandhi",130
"Ferris Mother",142
"Fever Empire",158
"Finding Anaconda",156
"Fire Wolves",173
"Fireball Philadelphia",148
"Fish Opus",125
"Flash Wars",123
"Flight Lies",179
"Flintstones Happiness",148
"Floats Garden",145
"Fool Mockingbird",158
"Forever Candidate",131
"Frankenstein Stranger",159
"Freaky Pocus",126
"Freedom Cleopatra",133
"Frontier Cabin",183
"Fury Murder",178
"Gables Metropolis",161
"Galaxy Sweethearts",128
"Gangs Pride",185
"Gathering Calendar",176
"Gentlemen Stage",125
"Gilmore Boiled",163
"Gladiator Westward",173
"Gold River",154
"Goldmine Tycoon",153
"Gosford Donnie",129
"Graceland Dynamite",140
"Graduate Lord",156
"Grapes Fury",155
"Grease Youth",135
"Greedy Roots",166
"Greek Everyone",176
"Grinch Massage",150
"Grit Clockwork",137
"Groundhog Uncut",139
"Gunfighter Mussolini",127
"Half Outfield",146
"Hamlet Wisdom",146
"Harold French",168
"Harry Idaho",121
"Haunting Pianist",181
"Hedwig Alter",169
"Hobbit Alien",157
"Hocus Frida",141
"Holes Brannigan",128
"Hollow Jeopardy",136
"Holocaust Highball",149
"Home Pity",185
"Homicide Peach",141
"Hoosiers Birdcage",176
"Hope Tootsie",139
"Horror Reign",139
"Hotel Happiness",181
"Hours Rage",122
"Hunchback Impossible",151
"Hunter Alter",125
"Hysterical Grail",150
"Ice Crossing",131
"Idaho Love",172
"Igby Maker",160
"Illusion Amelie",122
"Image Princess",178
"Impact Aladdin",180
"Inch Jet",167
"Independence Hotel",157
"Indian Love",135
"Innocent Usual",178
"Insects Stone",123
"Intrigue Worst",181
"Italian African",174
"Jacket Frisco",181
"Jade Bunch",174
"Japanese Run",135
"Jason Trap",130
"Jedi Beneath",128
"Jericho Mulan",171
"Jerk Paycheck",172
"Jingle Sagebrush",124
"Jumanji Blade",121
"Jungle Closer",134
"Kentuckian Giant",169
"Kick Savannah",179
"Killer Innocent",161
"King Evolution",184
"Kiss Glory",163
"Kissing Dolls",141
"Kramer Chocolate",171
"Lambs Cincinatti",144
"Lawless Vision",181
"Lawrence Love",175
"Leathernecks Dwarfs",153
"Lesson Cleopatra",167
"Liaisons Sweet",140
"Liberty Magnificent",138
"Lies Treatment",147
"Life Twisted",137
"Lights Deer",174
"Loathing Legally",140
"Lolita World",155
"Lose Inch",137
"Love Suicides",181
"Loverboy Attacks",162
"Luck Opus",152
"Mask Peach",123
"Madison Trap",147
"Madness Attacks",178
"Magnolia Forrester",171
"Maiden Home",138
"Majestic Floats",130
"Maker Gables",136
"Malkovich Pet",159
"Mallrats United",133
"Maltese Hope",127
"Manchurian Curtain",177
"Masked Bubble",151
"Massacre Usual",165
"Massage Image",161
"Menagerie Rushmore",147
"Metal Armageddon",161
"Mighty Luck",122
"Million Ace",142
"Minds Truman",149
"Mine Titans",166
"Miracle Virtual",162
"Mission Zoolander",164
"Mixed Doors",180
"Model Fish",175
"Money Harold",135
"Monsoon Cause",182
"Monterey Labyrinth",158
"Montezuma Command",126
"Moonshine Cabin",171
"Moonwalker Fool",184
"Motions Details",166
"Mourning Purple",146
"Mulan Moon",160
"Mulholland Beast",157
"Mummy Creatures",160
"Murder Antitrust",166
"Muscle Bright",185
"Music Boondock",129
"Mussolini Spoilers",180
"Name Detective",178
"Nash Chocolat",180
"Necklace Outbreak",132
"Neighbors Charade",161
"Nemo Campus",131
"Newsies Story",159
"Nightmare Chill",149
"Northwest Polish",172
"Notorious Reunion",128
"Nuts Ties",145
"Oleander Clue",161
"Open African",131
"Operation Operation",156
"Outbreak Divine",169
"Outfield Massacre",129
"Outlaw Hanky",148
"Pacific Amistad",144
"Pajama Jawbreaker",126
"Papi Necklace",128
"Paris Weekend",121
"Past Suicides",157
"Patton Interview",175
"Paycheck Wait",145
"Peach Innocent",160
"Philadelphia Wife",137
"Pianist Outfield",136
"Pittsburgh Hunchback",134
"Pizza Jumanji",173
"Platoon Instinct",132
"Pocus Pulp",138
"Pollock Deliverance",137
"Pond Seattle",185
"Poseidon Forever",159
"Potluck Mixed",179
"President Bang",144
"Psycho Shrunk",155
"Pure Runner",121
"Queen Luke",163
"Quest Mussolini",177
"Racer Egg",147
"Raging Airplane",154
"Range Moonwalker",147
"Reap Unfaithful",136
"Records Zorro",182
"Redemption Comforts",179
"Reds Pocus",182
"Reef Salute",123
"Requiem Tycoon",167
"Rider Caddyshack",177
"Right Cranes",153
"River Outlaw",149
"Road Roxanne",158
"Robbery Bright",134
"Rocketeer Mother",178
"Rocky War",145
"Rollercoaster Bringing",153
"Roses Treasure",162
"Roxanne Rebel",171
"Rules Human",153
"Run Pacific",145
"Runaway Tenenbaums",181
"Rushmore Mermaid",150
"Saints Bride",125
"Santa Paris",154
"Sassy Packer",154
"Saturday Lambs",150
"Saturn Name",182
"Scalawag Duck",183
"School Jacket",151
"Scissorhands Slums",147
"Scorpion Apollo",137
"Searchers Wait",182
"Secretary Rouge",158
"Seven Swarm",127
"Shining Roses",125
"Show Lord",167
"Shrek License",154
"Shrunk Divine",139
"Sierra Divide",135
"Sinners Atlantis",126
"Sister Freddy",152
"Sky Miracle",132
"Slacker Liaisons",179
"Sleeping Suspects",129
"Sleepy Japanese",137
"Slipper Fidelity",156
"Slums Duck",147
"Smoochy Control",184
"Soldiers Evolution",185
"Something Duck",180
"Song Hedwig",165
"Sons Interview",184
"Sorority Queen",184
"Soup Wisdom",169
"South Wait",143
"Speakeasy Date",165
"Speed Suit",124
"Spice Sorority",141
"Spinal Rocky",138
"Spirit Flintstones",149
"Spirited Casualties",138
"Splash Gump",175
"Splendor Patton",134
"Spoilers Hellfighters",151
"Squad Fish",136
"Stallion Sundance",130
"Star Operation",181
"Steel Santa",143
"Steers Armageddon",140
"Stock Glass",160
"Story Side",163
"Straight Hours",151
"Stranger Strangers",139
"Tights Dawn",172
"Streak Ridgemont",132
"Strictly Scarface",144
"Submarine Bed",127
"Sun Confessions",141
"Sunrise League",135
"Swarm Gold",123
"Sweden Shining",176
"Sweet Brotherhood",185
"Tadpole Park",155
"Talented Homicide",173
"Telegraph Voyage",148
"Telemark Heartbreakers",152
"Texas Watch",179
"Theory Mermaid",184
"Thief Pelican",135
"Tomorrow Hustler",142
"Tootsie Pilot",157
"Torque Bound",179
"Tourist Pelican",152
"Towers Hurricane",144
"Town Ark",136
"Tracy Cider",142
"Trading Pinocchio",170
"Traffic Hobbit",139
"Trainspotting Strangers",132
"Tramp Others",171
"Translation Summer",168
"Tuxedo Mile",152
"Twisted Pirates",152
"Uncut Suicides",172
"Unforgiven Zoolander",129
"United Pilot",164
"Uprising Uptown",174
"Usual Untouchables",128
"Vacation Boondock",145
"Vampire Whale",126
"Vanilla Day",122
"Vanished Garden",142
"Vanishing Rocky",123
"Velvet Terminator",173
"Videotape Arsenic",145
"Vietnam Smoochy",174
"Virgin Daisy",179
"Virginian Pluto",164
"Virtual Spoilers",144
"Voice Peach",139
"Volcano Texas",157
"Volume House",132
"Wagon Jaws",152
"Walls Artist",135
"Wardrobe Phantom",178
"Wars Pluto",128
"Wash Heavenly",161
"Weekend Personal",134
"West Lion",159
"Wife Turn",183
"Wild Apollo",181
"Willow Tracy",137
"Women Dorado",126
"Wonderful Drop",126
"Worker Tarzan",139
"World Leathernecks",171
"Worst Banger",185
"Wrath Mile",176
"Wrong Behavior",178
"Young Language",183
"Youth Kick",179
