"customer_id","first_name","last_name"
524,"Jared","Ely"
1,"Mary","Smith"
2,"Patricia","Johnson"
3,"Linda","Williams"
4,"Barbara","Jones"
5,"Elizabeth","Brown"
6,"Jennifer","Davis"
7,"Maria","Miller"
8,"Susan","Wilson"
9,"Margaret","Moore"
10,"Dorothy","Taylor"
11,"Lisa","Anderson"
12,"Nancy","Thomas"
13,"Karen","Jackson"
14,"Betty","White"
15,"Helen","Harris"
17,"Donna","Thompson"
18,"Carol","Garcia"
19,"Ruth","Martinez"
20,"Sharon","Robinson"
21,"Michelle","Clark"
22,"Laura","Rodriguez"
23,"Sarah","Lewis"
24,"Kimberly","Lee"
25,"Deborah","Walker"
26,"Jessica","Hall"
27,"Shirley","Allen"
28,"Cynthia","Young"
29,"Angela","Hernandez"
30,"Melissa","King"
31,"Brenda","Wright"
32,"Amy","Lopez"
33,"Anna","Hill"
34,"Rebecca","Scott"
35,"Virginia","Green"
36,"Kathleen","Adams"
37,"Pamela","Baker"
38,"Martha","Gonzalez"
39,"Debra","Nelson"
40,"Amanda","Carter"
41,"Stephanie","Mitchell"
42,"Carolyn","Perez"
43,"Christine","Roberts"
44,"Marie","Turner"
45,"Janet","Phillips"
46,"Catherine","Campbell"
47,"Frances","Parker"
48,"Ann","Evans"
49,"Joyce","Edwards"
50,"Diane","Collins"
51,"Alice","Stewart"
52,"Julie","Sanchez"
53,"Heather","Morris"
54,"Teresa","Rogers"
55,"Doris","Reed"
56,"Gloria","Cook"
57,"Evelyn","Morgan"
58,"Jean","Bell"
59,"Cheryl","Murphy"
60,"Mildred","Bailey"
61,"Katherine","Rivera"
62,"Joan","Cooper"
63,"Ashley","Richardson"
65,"Rose","Howard"
66,"Janice","Ward"
67,"Kelly","Torres"
68,"Nicole","Peterson"
69,"Judy","Gray"
70,"Christina","Ramirez"
71,"Kathy","James"
72,"Theresa","Watson"
73,"Beverly","Brooks"
74,"Denise","Kelly"
75,"Tammy","Sanders"
76,"Irene","Price"
77,"Jane","Bennett"
78,"Lori","Wood"
79,"Rachel","Barnes"
80,"Marilyn","Ross"
81,"Andrea","Henderson"
82,"Kathryn","Coleman"
83,"Louise","Jenkins"
84,"Sara","Perry"
85,"Anne","Powell"
86,"Jacqueline","Long"
87,"Wanda","Patterson"
88,"Bonnie","Hughes"
89,"Julia","Flores"
90,"Ruby","Washington"
91,"Lois","Butler"
92,"Tina","Simmons"
93,"Phyllis","Foster"
94,"Norma","Gonzales"
95,"Paula","Bryant"
96,"Diana","Alexander"
97,"Annie","Russell"
98,"Lillian","Griffin"
99,"Emily","Diaz"
100,"Robin","Hayes"
101,"Peggy","Myers"
102,"Crystal","Ford"
103,"Gladys","Hamilton"
104,"Rita","Graham"
105,"Dawn","Sullivan"
106,"Connie","Wallace"
107,"Florence","Woods"
108,"Tracy","Cole"
109,"Edna","West"
110,"Tiffany","Jordan"
111,"Carmen","Owens"
112,"Rosa","Reynolds"
113,"Cindy","Fisher"
114,"Grace","Ellis"
115,"Wendy","Harrison"
116,"Victoria","Gibson"
117,"Edith","Mcdonald"
118,"Kim","Cruz"
119,"Sherry","Marshall"
120,"Sylvia","Ortiz"
121,"Josephine","Gomez"
122,"Thelma","Murray"
123,"Shannon","Freeman"
125,"Ethel","Webb"
126,"Ellen","Simpson"
127,"Elaine","Stevens"
128,"Marjorie","Tucker"
129,"Carrie","Porter"
130,"Charlotte","Hunter"
131,"Monica","Hicks"
132,"Esther","Crawford"
133,"Pauline","Henry"
134,"Emma","Boyd"
135,"Juanita","Mason"
136,"Anita","Morales"
137,"Rhonda","Kennedy"
138,"Hazel","Warren"
139,"Amber","Dixon"
140,"Eva","Ramos"
141,"Debbie","Reyes"
142,"April","Burns"
143,"Leslie","Gordon"
144,"Clara","Shaw"
145,"Lucille","Holmes"
146,"Jamie","Rice"
147,"Joanne","Robertson"
148,"Eleanor","Hunt"
149,"Valerie","Black"
150,"Danielle","Daniels"
151,"Megan","Palmer"
152,"Alicia","Mills"
153,"Suzanne","Nichols"
154,"Michele","Grant"
155,"Gail","Knight"
156,"Bertha","Ferguson"
157,"Darlene","Rose"
158,"Veronica","Stone"
159,"Jill","Hawkins"
160,"Erin","Dunn"
161,"Geraldine","Perkins"
162,"Lauren","Hudson"
163,"Cathy","Spencer"
164,"Joann","Gardner"
165,"Lorraine","Stephens"
166,"Lynn","Payne"
167,"Sally","Pierce"
168,"Regina","Berry"
170,"Beatrice","Arnold"
171,"Dolores","Wagner"
172,"Bernice","Willis"
173,"Audrey","Ray"
174,"Yvonne","Watkins"
175,"Annette","Olson"
176,"June","Carroll"
177,"Samantha","Duncan"
178,"Marion","Snyder"
179,"Dana","Hart"
180,"Stacy","Cunningham"
181,"Ana","Bradley"
182,"Renee","Lane"
183,"Ida","Andrews"
184,"Vivian","Ruiz"
185,"Roberta","Harper"
186,"Holly","Fox"
187,"Brittany","Riley"
188,"Melanie","Armstrong"
189,"Loretta","Carpenter"
190,"Yolanda","Weaver"
191,"Jeanette","Greene"
192,"Laurie","Lawrence"
193,"Katie","Elliott"
194,"Kristen","Chavez"
195,"Vanessa","Sims"
196,"Alma","Austin"
197,"Sue","Peters"
198,"Elsie","Kelley"
199,"Beth","Franklin"
200,"Jeanne","Lawson"
201,"Vicki","Fields"
202,"Carla","Gutierrez"
203,"Tara","Ryan"
204,"Rosemary","Schmidt"
205,"Eileen","Carr"
206,"Terri","Vasquez"
207,"Gertrude","Castillo"
208,"Lucy","Wheeler"
209,"Tonya","Chapman"
210,"Ella","Oliver"
211,"Stacey","Montgomery"
212,"Wilma","Richards"
213,"Gina","Williamson"
214,"Kristin","Johnston"
215,"Jessie","Banks"
216,"Natalie","Meyer"
217,"Agnes","Bishop"
218,"Vera","Mccoy"
219,"Willie","Howell"
220,"Charlene","Alvarez"
221,"Bessie","Morrison"
222,"Delores","Hansen"
223,"Melinda","Fernandez"
224,"Pearl","Garza"
225,"Arlene","Harvey"
226,"Maureen","Little"
227,"Colleen","Burton"
228,"Allison","Stanley"
229,"Tamara","Nguyen"
230,"Joy","George"
231,"Georgia","Jacobs"
232,"Constance","Reid"
233,"Lillie","Kim"
234,"Claudia","Fuller"
235,"Jackie","Lynch"
236,"Marcia","Dean"
237,"Tanya","Gilbert"
238,"Nellie","Garrett"
239,"Minnie","Romero"
240,"Marlene","Welch"
242,"Glenda","Frazier"
243,"Lydia","Burke"
244,"Viola","Hanson"
245,"Courtney","Day"
246,"Marian","Mendoza"
247,"Stella","Moreno"
248,"Caroline","Bowman"
249,"Dora","Medina"
250,"Jo","Fowler"
251,"Vickie","Brewer"
252,"Mattie","Hoffman"
253,"Terry","Carlson"
254,"Maxine","Silva"
255,"Irma","Pearson"
256,"Mabel","Holland"
257,"Marsha","Douglas"
258,"Myrtle","Fleming"
259,"Lena","Jensen"
260,"Christy","Vargas"
261,"Deanna","Byrd"
262,"Patsy","Davidson"
263,"Hilda","Hopkins"
264,"Gwendolyn","May"
265,"Jennie","Terry"
266,"Nora","Herrera"
267,"Margie","Wade"
268,"Nina","Soto"
269,"Cassandra","Walters"
270,"Leah","Curtis"
272,"Kay","Caldwell"
273,"Priscilla","Lowe"
274,"Naomi","Jennings"
275,"Carole","Barnett"
276,"Brandy","Graves"
277,"Olga","Jimenez"
278,"Billie","Horton"
279,"Dianne","Shelton"
280,"Tracey","Barrett"
281,"Leona","Obrien"
282,"Jenny","Castro"
283,"Felicia","Sutton"
284,"Sonia","Gregory"
285,"Miriam","Mckinney"
286,"Velma","Lucas"
287,"Becky","Miles"
288,"Bobbie","Craig"
289,"Violet","Rodriquez"
290,"Kristina","Chambers"
291,"Toni","Holt"
292,"Misty","Lambert"
293,"Mae","Fletcher"
294,"Shelly","Watts"
295,"Daisy","Bates"
296,"Ramona","Hale"
297,"Sherri","Rhodes"
298,"Erika","Pena"
299,"James","Gannon"
300,"John","Farnsworth"
301,"Robert","Baughman"
302,"Michael","Silverman"
303,"William","Satterfield"
304,"David","Royal"
305,"Richard","Mccrary"
306,"Charles","Kowalski"
307,"Joseph","Joy"
308,"Thomas","Grigsby"
309,"Christopher","Greco"
310,"Daniel","Cabral"
311,"Paul","Trout"
312,"Mark","Rinehart"
313,"Donald","Mahon"
314,"George","Linton"
316,"Steven","Curley"
317,"Edward","Baugh"
318,"Brian","Wyman"
319,"Ronald","Weiner"
320,"Anthony","Schwab"
321,"Kevin","Schuler"
322,"Jason","Morrissey"
323,"Matthew","Mahan"
324,"Gary","Coy"
325,"Timothy","Bunn"
326,"Jose","Andrew"
327,"Larry","Thrasher"
328,"Jeffrey","Spear"
329,"Frank","Waggoner"
330,"Scott","Shelley"
331,"Eric","Robert"
332,"Stephen","Qualls"
333,"Andrew","Purdy"
334,"Raymond","Mcwhorter"
335,"Gregory","Mauldin"
336,"Joshua","Mark"
337,"Jerry","Jordon"
338,"Dennis","Gilman"
339,"Walter","Perryman"
340,"Patrick","Newsom"
341,"Peter","Menard"
342,"Harold","Martino"
343,"Douglas","Graf"
344,"Henry","Billingsley"
345,"Carl","Artis"
346,"Arthur","Simpkins"
347,"Ryan","Salisbury"
348,"Roger","Quintanilla"
349,"Joe","Gilliland"
350,"Juan","Fraley"
351,"Jack","Foust"
352,"Albert","Crouse"
353,"Jonathan","Scarborough"
354,"Justin","Ngo"
355,"Terry","Grissom"
356,"Gerald","Fultz"
357,"Keith","Rico"
358,"Samuel","Marlow"
359,"Willie","Markham"
360,"Ralph","Madrigal"
361,"Lawrence","Lawton"
362,"Nicholas","Barfield"
363,"Roy","Whiting"
364,"Benjamin","Varney"
365,"Bruce","Schwarz"
366,"Brandon","Huey"
367,"Adam","Gooch"
369,"Fred","Wheat"
370,"Wayne","Truong"
371,"Billy","Poulin"
372,"Steve","Mackenzie"
373,"Louis","Leone"
374,"Jeremy","Hurtado"
375,"Aaron","Selby"
376,"Randy","Gaither"
377,"Howard","Fortner"
378,"Eugene","Culpepper"
379,"Carlos","Coughlin"
380,"Russell","Brinson"
381,"Bobby","Boudreau"
382,"Victor","Barkley"
383,"Martin","Bales"
384,"Ernest","Stepp"
385,"Phillip","Holm"
386,"Todd","Tan"
387,"Jesse","Schilling"
388,"Craig","Morrell"
389,"Alan","Kahn"
390,"Shawn","Heaton"
391,"Clarence","Gamez"
392,"Sean","Douglass"
393,"Philip","Causey"
394,"Chris","Brothers"
395,"Johnny","Turpin"
396,"Earl","Shanks"
397,"Jimmy","Schrader"
398,"Antonio","Meek"
399,"Danny","Isom"
400,"Bryan","Hardison"
401,"Tony","Carranza"
402,"Luis","Yanez"
403,"Mike","Way"
404,"Stanley","Scroggins"
405,"Leonard","Schofield"
407,"Dale","Ratcliff"
408,"Manuel","Murrell"
409,"Rodney","Moeller"
410,"Curtis","Irby"
411,"Norman","Currier"
412,"Allen","Butterfield"
413,"Marvin","Yee"
414,"Vincent","Ralston"
415,"Glenn","Pullen"
416,"Jeffery","Pinson"
417,"Travis","Estep"
418,"Jeff","East"
419,"Chad","Carbone"
420,"Jacob","Lance"
421,"Lee","Hawks"
422,"Melvin","Ellington"
423,"Alfred","Casillas"
424,"Kyle","Spurlock"
425,"Francis","Sikes"
426,"Bradley","Motley"
427,"Jesus","Mccartney"
428,"Herbert","Kruger"
429,"Frederick","Isbell"
430,"Ray","Houle"
431,"Joel","Francisco"
432,"Edwin","Burk"
433,"Don","Bone"
434,"Eddie","Tomlin"
435,"Ricky","Shelby"
436,"Troy","Quigley"
437,"Randall","Neumann"
438,"Barry","Lovelace"
439,"Alexander","Fennell"
440,"Bernard","Colby"
441,"Mario","Cheatham"
442,"Leroy","Bustamante"
443,"Francisco","Skidmore"
444,"Marcus","Hidalgo"
445,"Micheal","Forman"
447,"Clifford","Bowens"
448,"Miguel","Betancourt"
449,"Oscar","Aquino"
450,"Jay","Robb"
451,"Jim","Rea"
452,"Tom","Milner"
453,"Calvin","Martel"
454,"Alex","Gresham"
455,"Jon","Wiles"
456,"Ronnie","Ricketts"
457,"Bill","Gavin"
458,"Lloyd","Dowd"
459,"Tommy","Collazo"
460,"Leon","Bostic"
461,"Derek","Blakely"
462,"Warren","Sherrod"
463,"Darrell","Power"
464,"Jerome","Kenyon"
465,"Floyd","Gandy"
466,"Leo","Ebert"
467,"Alvin","Deloach"
468,"Tim","Cary"
469,"Wesley","Bull"
470,"Gordon","Allard"
471,"Dean","Sauer"
472,"Greg","Robins"
473,"Jorge","Olivares"
474,"Dustin","Gillette"
475,"Pedro","Chestnut"
476,"Derrick","Bourque"
477,"Dan","Paine"
478,"Lewis","Lyman"
479,"Zachary","Hite"
480,"Corey","Hauser"
481,"Herman","Devore"
483,"Vernon","Chapa"
484,"Roberto","Vu"
485,"Clyde","Tobias"
486,"Glen","Talbert"
487,"Hector","Poindexter"
488,"Shane","Millard"
489,"Ricardo","Meador"
490,"Sam","Mcduffie"
491,"Rick","Mattox"
492,"Lester","Kraus"
493,"Brent","Harkins"
494,"Ramon","Choate"
495,"Charlie","Bess"
496,"Tyler","Wren"
497,"Gilbert","Sledge"
498,"Gene","Sanborn"
499,"Marc","Outlaw"
500,"Reginald","Kinder"
501,"Ruben","Geary"
502,"Brett","Cornwell"
503,"Angel","Barclay"
504,"Nathaniel","Adam"
505,"Rafael","Abney"
506,"Leslie","Seward"
507,"Edgar","Rhoads"
508,"Milton","Howland"
509,"Raul","Fortier"
511,"Chester","Benner"
512,"Cecil","Vines"
513,"Duane","Tubbs"
514,"Franklin","Troutman"
515,"Andre","Rapp"
516,"Elmer","Noe"
517,"Brad","Mccurdy"
518,"Gabriel","Harder"
519,"Ron","Deluca"
520,"Mitchell","Westmoreland"
521,"Roland","South"
522,"Arnold","Havens"
523,"Harvey","Guajardo"
525,"Adrian","Clary"
526,"Karl","Seal"
527,"Cory","Meehan"
528,"Claude","Herzog"
529,"Erik","Guillen"
530,"Darryl","Ashcraft"
531,"Jamie","Waugh"
532,"Neil","Renner"
533,"Jessie","Milam"
535,"Javier","Elrod"
536,"Fernando","Churchill"
537,"Clinton","Buford"
538,"Ted","Breaux"
539,"Mathew","Bolin"
540,"Tyrone","Asher"
541,"Darren","Windham"
542,"Lonnie","Tirado"
543,"Lance","Pemberton"
544,"Cody","Nolen"
545,"Julio","Noland"
546,"Kelly","Knott"
547,"Kurt","Emmons"
548,"Allan","Cornish"
549,"Nelson","Christenson"
550,"Guy","Brownlee"
551,"Clayton","Barbee"
552,"Hugh","Waldrop"
553,"Max","Pitt"
554,"Dwayne","Olvera"
555,"Dwight","Lombardi"
556,"Armando","Gruber"
557,"Felix","Gaffney"
559,"Everett","Banda"
560,"Jordan","Archuleta"
561,"Ian","Still"
562,"Wallace","Slone"
563,"Ken","Prewitt"
564,"Bob","Pfeiffer"
565,"Jaime","Nettles"
566,"Casey","Mena"
567,"Alfredo","Mcadams"
568,"Alberto","Henning"
569,"Dave","Gardiner"
570,"Ivan","Cromwell"
571,"Johnnie","Chisholm"
572,"Sidney","Burleson"
573,"Byron","Box"
574,"Julian","Vest"
575,"Isaac","Oglesby"
576,"Morris","Mccarter"
577,"Clifton","Malcolm"
578,"Willard","Lumpkin"
579,"Daryl","Larue"
580,"Ross","Grey"
581,"Virgil","Wofford"
582,"Andy","Vanhorn"
583,"Marshall","Thorn"
584,"Salvador","Teel"
585,"Perry","Swafford"
586,"Kirk","Stclair"
587,"Sergio","Stanfield"
588,"Marion","Ocampo"
589,"Tracy","Herrmann"
590,"Seth","Hannon"
591,"Kent","Arsenault"
593,"Rene","Mcalister"
594,"Eduardo","Hiatt"
595,"Terrence","Gunderson"
596,"Enrique","Forsythe"
597,"Freddie","Duggan"
598,"Wade","Delvalle"
599,"Austin","Cintron"
